roi_list1,roi_list2,index_list2,region,side,networks,x,y,z,volume,braak,rbd_relevant,motor,arousal
MnR,MnR,22,brainstem,M,,0.571426,-30.8571,-19.8571,7,1,1,,
PAG_2020,PAG,23,brainstem,M,,0.566666,-32.5733,-8.94444,450,1,1,,
SN_subregion1_l,SN1_l,42,brainstem,L,,-7.70936,-15.4975,-12.0788,406,1,1,,
SN_subregion2_l,SN2_l,44,brainstem,L,,-9.6463,-15.4437,-10.5756,311,1,1,,
RN_subregion1_l,RN1_l,32,brainstem,L,,-5.14054,-16.8649,-7.01621,185,,,,
RN_subregion2_l,RN2_l,34,brainstem,L,,-4.34782,-20.1111,-9.16425,207,,,,
mRT_merged_l,mRt_l,72,brainstem,L,,-7.49213,-23.3393,-4.15955,445,,,,
CnF_l,CnF_l,1,brainstem,L,,-3.09804,-32.7059,-8.17647,51,,,,
PTg_l,PTg_l,27,brainstem,L,,-6.88095,-28.7143,-13.4048,42,1,1,,
isRT_l,isRT_l,70,brainstem,L,,-5.60256,-28.6154,-8,78,,,,
LDTg_CGPn_l,LDTg_CGPn_l,10,brainstem,L,,-1.46512,-38.3256,-31.5174,172,,1,,
PnO_PnC_l,PnO_PnC_l,29,brainstem,L,,-1.78516,-35.2188,-31.0469,256,1,1,,
LC_l,LC_l,8,brainstem,L,,-3.41666,-37.5,-25.5,12,1,1,,
SubC_l,SubC_l,56,brainstem,L,,-5.52728,-37.4727,-35.8909,55,1,1,,
ION_l,ION_l,6,brainstem,L,,-4.51418,-37.1383,-52.1489,282,,,,
SC_l,SC_l,40,brainstem,L,,-4.22222,-31.7901,-4.17284,81,,,,
IC_l,IC_l,4,brainstem,L,,-4.42623,-35.6557,-9.45901,61,,,,
VTA_PBP_l,VTA_PBP_l,60,brainstem,L,,-4.865,-16.065,-9.625,400,,,,
MiTg_spth_l,MiTg_PBG_l,20,brainstem,L,,-7.88095,-30.8571,-9.40476,42,,,,
LPB_l,LPB_l,14,brainstem,L,,-6.75,-37.3068,-20.4886,88,,,,
MPB_l,MPB_l,18,brainstem,L,,-4.10448,-36.5224,-23.2537,67,,,,
Ve_l,Ve_l,62,brainstem,L,,-5.70588,-41.3726,-37.8088,204,1,1,,
PCRtA_l,PCRtA_l,24,brainstem,L,,-7.125,-38.25,-40.9583,24,1,1,,
SOC_l,SOC_l,48,brainstem,L,,-4.5,-38.125,-45.1667,24,,,,
sMRtComb_l,sMRt_l,80,brainstem,L,,-3.80769,-40.4231,-47.0513,78,1,1,,
VSM_l,VSM_l,58,brainstem,L,,-1.91228,-43.8947,-52.6316,114,1,,,
iMRtComb_l,iMRt_l,64,brainstem,L,,-3.48875,-43.1029,-56.4373,311,1,1,,
RMg,RMg,31,brainstem,M,,0.818184,-37.4545,-44,11,1,1,,
ROb,ROb,38,brainstem,M,,0.711113,-41.1333,-52.4222,45,1,,,
RPa,RPa,39,brainstem,M,,0.905937,-36.9109,-52.2327,202,1,,,
iMRtComb_r,iMRt_r,65,brainstem,R,,4.50445,-42.908,-57.6024,337,1,1,,
VSM_r,VSM_r,59,brainstem,R,,3.08108,-43.4504,-52.7928,111,1,,,
sMRtComb_r,sMRt_r,81,brainstem,R,,5.44579,-40.1084,-47.2651,83,1,1,,
SOC_r,SOC_r,49,brainstem,R,,5.90476,-38.0952,-45.1905,21,,,,
PCRtA_r,PCRtA_r,25,brainstem,R,,8.44,-38.08,-40.88,25,1,1,,
Ve_r,Ve_r,63,brainstem,R,,6.77248,-41.1693,-38.1058,189,1,1,,
MPB_r,MPB_r,19,brainstem,R,,5.2,-37.0267,-23.5733,75,,,,
LPB_r,LPB_r,15,brainstem,R,,8.24675,-38.1429,-20.8701,77,,,,
MiTg_spth_r,MiTg_PBG_r,21,brainstem,R,,8.65625,-30.9375,-9.6875,32,,,,
VTA_PBP_r,VTA_PBP_r,61,brainstem,R,,6.72593,-16.316,-9.59506,405,,,,
IC_r,IC_r,5,brainstem,R,,5.5,-35.8103,-9.41379,58,,,,
SC_r,SC_r,41,brainstem,R,,5.47826,-31.2464,-3.78261,69,,,,
ION_r,ION_r,7,brainstem,R,,6.16105,-36.2697,-52.1199,267,,,,
SubC_r,SubC_r,57,brainstem,R,,7.25532,-37.3404,-35.1489,47,1,1,,
LC_r,LC_r,9,brainstem,R,,5,-37.6923,-25.8462,13,1,1,,
PnO_PnC_r,PnO_PnC_r,30,brainstem,R,,3.39147,-35.3566,-31.376,258,1,1,,
LDTg_CGPn_r,LDTg_CGPn_r,11,brainstem,R,,2.9871,-38.3806,-31.271,155,1,1,,
isRT_r,isRT_r,71,brainstem,R,,7.0145,-28.2899,-7.76811,69,,,,
PTg_r,PTg_r,28,brainstem,R,,7.78261,-28.9565,-13.5652,23,1,1,,
CnF_r,CnF_r,2,brainstem,R,,4.60714,-32.375,-8.28571,56,1,,,
mRT_merged_r,mRt_r,73,brainstem,R,,8.78304,-23.1097,-3.86035,401,,,,
RN_subregion2_r,RN2_r,35,brainstem,R,,5.54194,-20.1226,-9.06452,155,,,,
RN_subregion1_r,RN1_r,33,brainstem,R,,6.31159,-17.1667,-6.64493,138,,,,
SN_subregion2_r,SN2_r,45,brainstem,R,,10.6051,-15.3538,-10.5077,195,1,1,,
SN_subregion1_r,SN1_r,43,brainstem,R,,9.635,-15.88,-11.66,400,1,1,,
CLi_RLi,CLi_RLi,0,brainstem,M,,0.49102,-23.2455,-9.05988,167,1,1,,
DR_2020,DR,3,brainstem,M,,0.725487,-31.5882,-14.0784,153,1,1,,
PMnR,PMnR,26,brainstem,M,,0.714287,-31.0952,-20.5714,63,1,1,,
STh_subregion1_l,STh1_l,50,diencephalon,L,,-10.5159,-11.9444,-5.75397,126,,,,
STh_subregion2_l,STh2_l,52,diencephalon,L,,-9.23711,-11.7113,-6.49484,97,,,,
HTH,,,diencephalon,M,,-0.101921,-3.60841,-9.95932,,,,,
STh_subregion2_r,STh2_r,53,diencephalon,R,,10.4625,-11.425,-6.2125,80,,,,
STh_subregion1_r,STh1_r,51,diencephalon,R,,11.1456,-11.3592,-6.56311,103,,,,
LG_l,LG_l,12,diencephalon,L,,-23.4771,-24.6209,-6.31373,153,,,,
LG_r,LG_r,13,diencephalon,R,,23.5924,-24.2484,-5.8344,157,,,,
MG_l,MG_l,16,diencephalon,L,,-14.5556,-28.4444,-3.125,72,,,,
MG_r,MG_r,17,diencephalon,R,,15.3333,-28.0476,-2.53968,63,,,,
Sp_v,,,subcortex,M,,0.358064516,-41.94516129,-68.94193548,,,,,
Sp_d,,,subcortex,M,,0.118694362,-48.41543027,-67.54005935,,,,,
L-Accumbens-area,Left-Accumbens-area,90,subcortex,L,,-8.2511,10.788,-7.3991,1010,,,,
L-Amygdala,Left-Amygdala,91,subcortex,L,,-23.706,-2.5469,-20.649,2315,,,,
L-Hippocampus,Left-Hippocampus,96,subcortex,L,,-24.436,-22.015,-14.5,5329,,,,
L-Pallidum,Left-Pallidum,99,subcortex,L,,-20.149,-5.6938,-1.0445,2137,,,,
L-Putamen,Left-Putamen,100,subcortex,L,,-25.394,0.44851,0.3466,7576,,,,
L-Caudate,Left-Caudate,92,subcortex,L,,-12.906,8.4539,10.124,5398,,,,
L-Thalamus-Proper,Left-Thalamus-Proper*,101,subcortex,L,,-11.373,-19.314,6.5644,9968,,,,
L-Cereb-Ctx,Left-Cerebellum-Cortex,93,subcortex,L,,NaN,NaN,NaN,72932,,,,
R-Thalamus-Proper,Right-Thalamus-Proper*,114,subcortex,R,,11.767,-17.389,6.5246,10380,,,,
R-Caudate,Right-Caudate,105,subcortex,R,,13.666,9.8936,9.9944,5518,,,,
R-Putamen,Right-Putamen,113,subcortex,R,,24.602,2.8788,-1.6282,7363,,,,
R-Pallidum,Right-Pallidum,112,subcortex,R,,21.152,-4.2456,-1.0409,2378,,,,
R-Hippocampus,Right-Hippocampus,109,subcortex,R,,26.132,-21.716,-13.724,5238,,,,
R-Amygdala,Right-Amygdala,104,subcortex,R,,23.445,-1.5834,-20.571,2543,,,,
R-Accumbens-area,Right-Accumbens-area,103,subcortex,R,,12.271,18.57,-17.167,1056,,,,
R-Cereb-Ctx,Right-Cerebellum-Cortex,106,subcortex,R,,NaN,NaN,NaN,70859,,,,
7Networks_LH_Vis_1,7Networks_LH_Vis_1,184,cortex,L,Vis,-33.01671,-40.666262,-20.108519,2797,,,,
7Networks_LH_Vis_2,7Networks_LH_Vis_2,185,cortex,L,Vis,-30.189314,-33.674979,-17.019274,3344,,,,
7Networks_LH_Vis_3,7Networks_LH_Vis_3,186,cortex,L,Vis,-33.816113,-61.94412,-15.734926,2494,,,,
7Networks_LH_Vis_4,7Networks_LH_Vis_4,187,cortex,L,Vis,-25.135867,-54.236794,-7.8282,3169,,,,
7Networks_LH_Vis_5,7Networks_LH_Vis_5,188,cortex,L,Vis,-21.537252,-74.296886,-9.383909,3356,,,,
7Networks_LH_Vis_6,7Networks_LH_Vis_6,189,cortex,L,Vis,-31.138657,-82.318249,-13.623059,2827,,,,
7Networks_LH_Vis_7,7Networks_LH_Vis_7,190,cortex,L,Vis,-16.756229,-38.206279,-10.159268,1483,,,,
7Networks_LH_Vis_8,7Networks_LH_Vis_8,191,cortex,L,Vis,-41.944076,-72.506899,-7.496763,3737,,,,
7Networks_LH_Vis_9,7Networks_LH_Vis_9,192,cortex,L,Vis,-14.281058,-87.614426,-11.789189,2637,,,,
7Networks_LH_Vis_10,7Networks_LH_Vis_10,193,cortex,L,Vis,-13.420459,-61.577599,-4.043707,2175,,,,
7Networks_LH_Vis_11,7Networks_LH_Vis_11,194,cortex,L,Vis,-6.959566,-74.95243,-2.50914,2467,,,,
7Networks_LH_Vis_12,7Networks_LH_Vis_12,195,cortex,L,Vis,-23.642535,-95.230906,-8.616393,4236,,,,
7Networks_LH_Vis_13,7Networks_LH_Vis_13,196,cortex,L,Vis,-12.541885,-42.208284,-3.662206,946,,,,
7Networks_LH_Vis_14,7Networks_LH_Vis_14,197,cortex,L,Vis,-36.617679,-86.7046,-1.854024,3087,,,,
7Networks_LH_Vis_15,7Networks_LH_Vis_15,198,cortex,L,Vis,-10.316175,-96.151613,-4.071397,4087,,,,
7Networks_LH_Vis_16,7Networks_LH_Vis_16,199,cortex,L,Vis,-15.314824,-52.309018,-0.48813,1617,,,,
7Networks_LH_Vis_17,7Networks_LH_Vis_17,200,cortex,L,Vis,-43.95909,-73.904616,5.30809,3440,,,,
7Networks_LH_Vis_18,7Networks_LH_Vis_18,201,cortex,L,Vis,-5.902035,-87.34977,1.17758,3324,,,,
7Networks_LH_Vis_19,7Networks_LH_Vis_19,202,cortex,L,Vis,-24.022328,-94.296507,5.977911,4720,,,,
7Networks_LH_Vis_20,7Networks_LH_Vis_20,203,cortex,L,Vis,-11.056915,-47.808839,3.769009,970,,,,
7Networks_LH_Vis_21,7Networks_LH_Vis_21,204,cortex,L,Vis,-9.126291,-75.735344,8.646087,3735,,,,
7Networks_LH_Vis_22,7Networks_LH_Vis_22,205,cortex,L,Vis,-20.004818,-63.250265,5.852453,1941,,,,
7Networks_LH_Vis_23,7Networks_LH_Vis_23,206,cortex,L,Vis,-36.768975,-83.045641,13.313146,4515,,,,
7Networks_LH_Vis_24,7Networks_LH_Vis_24,207,cortex,L,Vis,-12.525352,-95.497111,14.822498,4743,,,,
7Networks_LH_Vis_25,7Networks_LH_Vis_25,208,cortex,L,Vis,-4.274363,-85.442835,22.153901,3649,,,,
7Networks_LH_Vis_26,7Networks_LH_Vis_26,209,cortex,L,Vis,-12.580034,-71.410825,20.09914,2251,,,,
7Networks_LH_Vis_27,7Networks_LH_Vis_27,210,cortex,L,Vis,-25.336282,-83.770287,20.380733,2783,,,,
7Networks_LH_Vis_28,7Networks_LH_Vis_28,211,cortex,L,Vis,-31.344332,-81.438531,26.316375,1842,,,,
7Networks_LH_Vis_29,7Networks_LH_Vis_29,212,cortex,L,Vis,-15.069563,-86.040497,31.758002,2650,,,,
7Networks_LH_Vis_30,7Networks_LH_Vis_30,213,cortex,L,Vis,-13.475419,-77.104711,34.527662,2025,,,,
7Networks_LH_Vis_31,7Networks_LH_Vis_31,214,cortex,L,Vis,-19.427948,-74.032745,43.113854,2043,,,,
7Networks_LH_SomMot_1,7Networks_LH_SomMot_1,215,cortex,L,SomMot,-48.797519,-11.986358,1.151272,3125,,,,
7Networks_LH_SomMot_2,7Networks_LH_SomMot_2,216,cortex,L,SomMot,-53.649095,-23.34232,7.450086,3982,,,,
7Networks_LH_SomMot_3,7Networks_LH_SomMot_3,217,cortex,L,SomMot,-36.153648,-22.771245,8.026276,1214,,,,
7Networks_LH_SomMot_4,7Networks_LH_SomMot_4,218,cortex,L,SomMot,-38.197926,-7.777169,12.736891,1985,,,,
7Networks_LH_SomMot_5,7Networks_LH_SomMot_5,219,cortex,L,SomMot,-35.563359,-25.889136,17.905696,1435,,,,
7Networks_LH_SomMot_6,7Networks_LH_SomMot_6,220,cortex,L,SomMot,-55.047037,-38.415071,16.496972,2358,,,,
7Networks_LH_SomMot_7,7Networks_LH_SomMot_7,221,cortex,L,SomMot,-41.214449,-34.555542,15.010108,1621,,,,
7Networks_LH_SomMot_8,7Networks_LH_SomMot_8,222,cortex,L,SomMot,-46.867364,-15.316317,16.414384,1906,,,,
7Networks_LH_SomMot_9,7Networks_LH_SomMot_9,223,cortex,L,SomMot,-58.262778,-4.604571,12.466652,1804,,,,
7Networks_LH_SomMot_10,7Networks_LH_SomMot_10,224,cortex,L,SomMot,-47.680643,-25.245772,18.876233,1631,,,,
7Networks_LH_SomMot_11,7Networks_LH_SomMot_11,225,cortex,L,SomMot,-57.645332,-19.474327,20.590543,1600,,,,
7Networks_LH_SomMot_12,7Networks_LH_SomMot_12,226,cortex,L,SomMot,-56.950821,-4.530404,23.066305,2246,,,,
7Networks_LH_SomMot_13,7Networks_LH_SomMot_13,227,cortex,L,SomMot,-60.529895,-12.095838,29.924991,1640,,,,
7Networks_LH_SomMot_14,7Networks_LH_SomMot_14,228,cortex,L,SomMot,-50.609014,-10.377459,28.875415,1458,,,,
7Networks_LH_SomMot_15,7Networks_LH_SomMot_15,229,cortex,L,SomMot,-53.530656,-21.6074,38.991053,1498,,,,
7Networks_LH_SomMot_16,7Networks_LH_SomMot_16,230,cortex,L,SomMot,-48.003673,-8.938119,41.172038,2388,,,,
7Networks_LH_SomMot_17,7Networks_LH_SomMot_17,231,cortex,L,SomMot,-46.485826,-16.879435,38.24947,1389,,,,
7Networks_LH_SomMot_18,7Networks_LH_SomMot_18,232,cortex,L,SomMot,-8.644323,-14.851623,45.78342,2531,,,,
7Networks_LH_SomMot_19,7Networks_LH_SomMot_19,233,cortex,L,SomMot,-38.88288,-15.294686,46.034419,1527,,,,
7Networks_LH_SomMot_20,7Networks_LH_SomMot_20,234,cortex,L,SomMot,-46.397239,-20.126652,51.795124,1646,,,,
7Networks_LH_SomMot_21,7Networks_LH_SomMot_21,235,cortex,L,SomMot,-44.34311,-30.052582,53.169974,2774,,,,
7Networks_LH_SomMot_22,7Networks_LH_SomMot_22,236,cortex,L,SomMot,-36.885765,-25.450581,49.702388,983,,,,
7Networks_LH_SomMot_23,7Networks_LH_SomMot_23,237,cortex,L,SomMot,-9.513195,-37.089298,53.194381,1095,,,,
7Networks_LH_SomMot_24,7Networks_LH_SomMot_24,238,cortex,L,SomMot,-4.973234,-22.341292,54.510617,1694,,,,
7Networks_LH_SomMot_25,7Networks_LH_SomMot_25,239,cortex,L,SomMot,-4.841285,-8.347084,59.294288,2019,,,,
7Networks_LH_SomMot_26,7Networks_LH_SomMot_26,240,cortex,L,SomMot,-33.481124,-19.556182,59.802591,3730,,,,
7Networks_LH_SomMot_27,7Networks_LH_SomMot_27,241,cortex,L,SomMot,-29.993581,-45.107796,59.20503,2757,,,,
7Networks_LH_SomMot_28,7Networks_LH_SomMot_28,242,cortex,L,SomMot,-32.085183,-30.434727,59.084075,2131,,,,
7Networks_LH_SomMot_29,7Networks_LH_SomMot_29,243,cortex,L,SomMot,-29.809343,-37.43372,61.159542,2245,,,,
7Networks_LH_SomMot_30,7Networks_LH_SomMot_30,244,cortex,L,SomMot,-25.354751,-11.496116,60.752604,2919,,,,
7Networks_LH_SomMot_31,7Networks_LH_SomMot_31,245,cortex,L,SomMot,-20.670041,-25.742655,62.557829,1098,,,,
7Networks_LH_SomMot_32,7Networks_LH_SomMot_32,246,cortex,L,SomMot,-9.217099,-41.395007,68.045347,2162,,,,
7Networks_LH_SomMot_33,7Networks_LH_SomMot_33,247,cortex,L,SomMot,-5.476528,-25.167357,66.968616,2717,,,,
7Networks_LH_SomMot_34,7Networks_LH_SomMot_34,248,cortex,L,SomMot,-16.838266,-12.716328,68.556279,1836,,,,
7Networks_LH_SomMot_35,7Networks_LH_SomMot_35,249,cortex,L,SomMot,-17.794204,-32.142135,64.980673,2186,,,,
7Networks_LH_SomMot_36,7Networks_LH_SomMot_36,250,cortex,L,SomMot,-19.047393,-38.433253,67.906031,2064,,,,
7Networks_LH_SomMot_37,7Networks_LH_SomMot_37,251,cortex,L,SomMot,-12.669635,-26.347616,69.619818,900,,,,
7Networks_LH_DorsAttn_Post_1,7Networks_LH_DorsAttn_Post_1,252,cortex,L,DorsAttn,-44.39567,-40.428498,-20.315832,2928,,,,
7Networks_LH_DorsAttn_Post_2,7Networks_LH_DorsAttn_Post_2,253,cortex,L,DorsAttn,-45.845726,-55.4657,-13.283169,4725,,,,
7Networks_LH_DorsAttn_Post_3,7Networks_LH_DorsAttn_Post_3,254,cortex,L,DorsAttn,-50.939953,-62.091034,-0.617639,4434,,,,
7Networks_LH_DorsAttn_Post_4,7Networks_LH_DorsAttn_Post_4,255,cortex,L,DorsAttn,-45.692934,-66.335385,13.536033,2816,,,,
7Networks_LH_DorsAttn_Post_5,7Networks_LH_DorsAttn_Post_5,256,cortex,L,DorsAttn,-25.707431,-70.717751,32.183094,1339,,,,
7Networks_LH_DorsAttn_Post_6,7Networks_LH_DorsAttn_Post_6,257,cortex,L,DorsAttn,-52.869609,-31.275044,40.416989,2465,,,,
7Networks_LH_DorsAttn_Post_7,7Networks_LH_DorsAttn_Post_7,258,cortex,L,DorsAttn,-24.910038,-64.193045,47.279025,2058,,,,
7Networks_LH_DorsAttn_Post_8,7Networks_LH_DorsAttn_Post_8,259,cortex,L,DorsAttn,-44.609262,-30.842897,41.5809,1627,,,,
7Networks_LH_DorsAttn_Post_9,7Networks_LH_DorsAttn_Post_9,260,cortex,L,DorsAttn,-35.143232,-46.028421,42.892598,2012,,,,
7Networks_LH_DorsAttn_Post_10,7Networks_LH_DorsAttn_Post_10,261,cortex,L,DorsAttn,-29.200624,-55.8858,48.085604,1261,,,,
7Networks_LH_DorsAttn_Post_11,7Networks_LH_DorsAttn_Post_11,262,cortex,L,DorsAttn,-38.294456,-38.720461,47.163916,2319,,,,
7Networks_LH_DorsAttn_Post_12,7Networks_LH_DorsAttn_Post_12,263,cortex,L,DorsAttn,-32.07462,-49.829807,51.993371,1637,,,,
7Networks_LH_DorsAttn_Post_13,7Networks_LH_DorsAttn_Post_13,264,cortex,L,DorsAttn,-16.429429,-65.101077,56.41483,3135,,,,
7Networks_LH_DorsAttn_Post_14,7Networks_LH_DorsAttn_Post_14,265,cortex,L,DorsAttn,-25.643427,-57.299311,57.546303,1671,,,,
7Networks_LH_DorsAttn_Post_15,7Networks_LH_DorsAttn_Post_15,266,cortex,L,DorsAttn,-10.83308,-56.066916,61.709822,2224,,,,
7Networks_LH_DorsAttn_Post_16,7Networks_LH_DorsAttn_Post_16,267,cortex,L,DorsAttn,-22.005643,-52.31992,63.582239,2775,,,,
7Networks_LH_DorsAttn_Post_17,7Networks_LH_DorsAttn_Post_17,268,cortex,L,DorsAttn,-14.605745,-48.793112,68.08694,907,,,,
7Networks_LH_DorsAttn_FEF_1,7Networks_LH_DorsAttn_FEF_1,269,cortex,L,DorsAttn,-39.185819,-3.534425,50.662209,2506,,,,
7Networks_LH_DorsAttn_FEF_2,7Networks_LH_DorsAttn_FEF_2,270,cortex,L,DorsAttn,-26.484691,0.69411,54.40916,2945,,,,
7Networks_LH_DorsAttn_FEF_3,7Networks_LH_DorsAttn_FEF_3,271,cortex,L,DorsAttn,-30.305001,-6.656083,51.047224,1466,,,,
7Networks_LH_DorsAttn_FEF_4,7Networks_LH_DorsAttn_FEF_4,272,cortex,L,DorsAttn,-20.402111,3.900017,60.202704,3629,,,,
7Networks_LH_DorsAttn_PrCv_1,7Networks_LH_DorsAttn_PrCv_1,273,cortex,L,DorsAttn,-48.202317,6.519466,25.011428,2462,,,,
7Networks_LH_DorsAttn_PrCv_2,7Networks_LH_DorsAttn_PrCv_2,274,cortex,L,DorsAttn,-46.967575,1.401234,37.129604,2163,,,,
7Networks_LH_SalVentAttn_ParOper_1,7Networks_LH_SalVentAttn_ParOper_1,275,cortex,L,SalVentAttn,-51.825075,-33.365951,22.761503,3259,,,,
7Networks_LH_SalVentAttn_ParOper_2,7Networks_LH_SalVentAttn_ParOper_2,276,cortex,L,SalVentAttn,-55.464299,-42.376425,26.745992,2243,,,,
7Networks_LH_SalVentAttn_ParOper_3,7Networks_LH_SalVentAttn_ParOper_3,277,cortex,L,SalVentAttn,-59.056786,-23.804491,29.994339,3228,,,,
7Networks_LH_SalVentAttn_ParOper_4,7Networks_LH_SalVentAttn_ParOper_4,278,cortex,L,SalVentAttn,-58.797972,-34.868487,32.218195,2395,,,,
7Networks_LH_SalVentAttn_TempOcc_1,7Networks_LH_SalVentAttn_TempOcc_1,279,cortex,L,SalVentAttn,-52.708954,-52.959298,8.174487,2904,,,,
7Networks_LH_SalVentAttn_FrOperIns_1,7Networks_LH_SalVentAttn_FrOperIns_1,280,cortex,L,SalVentAttn,-44.285899,3.381154,-15.523753,2167,,,,
7Networks_LH_SalVentAttn_FrOperIns_2,7Networks_LH_SalVentAttn_FrOperIns_2,281,cortex,L,SalVentAttn,-38.223273,1.731892,-8.53484,3768,,,,
7Networks_LH_SalVentAttn_FrOperIns_3,7Networks_LH_SalVentAttn_FrOperIns_3,282,cortex,L,SalVentAttn,-33.194685,25.206805,-1.428825,1619,,,,
7Networks_LH_SalVentAttn_FrOperIns_4,7Networks_LH_SalVentAttn_FrOperIns_4,283,cortex,L,SalVentAttn,-40.263612,-13.071184,-3.721863,1866,,,,
7Networks_LH_SalVentAttn_FrOperIns_5,7Networks_LH_SalVentAttn_FrOperIns_5,284,cortex,L,SalVentAttn,-33.300087,19.481623,7.625419,1993,,,,
7Networks_LH_SalVentAttn_FrOperIns_6,7Networks_LH_SalVentAttn_FrOperIns_6,285,cortex,L,SalVentAttn,-36.073106,5.371878,9.667188,1122,,,,
7Networks_LH_SalVentAttn_FrOperIns_7,7Networks_LH_SalVentAttn_FrOperIns_7,286,cortex,L,SalVentAttn,-44.468203,13.464984,3.538973,1289,,,,
7Networks_LH_SalVentAttn_FrOperIns_8,7Networks_LH_SalVentAttn_FrOperIns_8,287,cortex,L,SalVentAttn,-49.787899,-0.435574,6.566235,2155,,,,
7Networks_LH_SalVentAttn_FrOperIns_9,7Networks_LH_SalVentAttn_FrOperIns_9,288,cortex,L,SalVentAttn,-50.970696,10.650218,12.421912,2617,,,,
7Networks_LH_SalVentAttn_PFCl_1,7Networks_LH_SalVentAttn_PFCl_1,289,cortex,L,SalVentAttn,-29.715194,42.2218,26.510024,5177,,,,
7Networks_LH_SalVentAttn_Med_1,7Networks_LH_SalVentAttn_Med_1,290,cortex,L,SalVentAttn,-6.775557,18.567366,33.212596,3120,,,,
7Networks_LH_SalVentAttn_Med_2,7Networks_LH_SalVentAttn_Med_2,291,cortex,L,SalVentAttn,-6.784565,-1.637089,41.731652,3040,,,,
7Networks_LH_SalVentAttn_Med_3,7Networks_LH_SalVentAttn_Med_3,292,cortex,L,SalVentAttn,-11.157254,-27.011896,40.935696,2278,,,,
7Networks_LH_SalVentAttn_Med_4,7Networks_LH_SalVentAttn_Med_4,293,cortex,L,SalVentAttn,-6.461125,6.514522,49.10302,3132,,,,
7Networks_LH_SalVentAttn_Med_5,7Networks_LH_SalVentAttn_Med_5,294,cortex,L,SalVentAttn,-11.30089,-40.898094,47.435825,1361,,,,
7Networks_LH_SalVentAttn_Med_6,7Networks_LH_SalVentAttn_Med_6,295,cortex,L,SalVentAttn,-7.938117,-49.333798,57.873906,2074,,,,
7Networks_LH_SalVentAttn_Med_7,7Networks_LH_SalVentAttn_Med_7,296,cortex,L,SalVentAttn,-9.822176,-5.346341,68.256606,1638,,,,
7Networks_LH_Limbic_OFC_1,7Networks_LH_Limbic_OFC_1,297,cortex,L,Limbic,-11.894779,22.379735,-20.505017,2446,,,,
7Networks_LH_Limbic_OFC_2,7Networks_LH_Limbic_OFC_2,298,cortex,L,Limbic,-21.992458,22.474931,-18.877922,4203,,,,
7Networks_LH_Limbic_OFC_3,7Networks_LH_Limbic_OFC_3,299,cortex,L,Limbic,-10.365665,46.240629,-21.137265,4903,,,,
7Networks_LH_Limbic_OFC_4,7Networks_LH_Limbic_OFC_4,300,cortex,L,Limbic,-4.298053,17.818918,-18.037576,3084,,,,
7Networks_LH_Limbic_OFC_5,7Networks_LH_Limbic_OFC_5,301,cortex,L,Limbic,-16.369824,62.094822,-5.889255,3691,,,,
7Networks_LH_Limbic_TempPole_1,7Networks_LH_Limbic_TempPole_1,302,cortex,L,Limbic,-37.665729,-4.622361,-40.599989,4998,,,,
7Networks_LH_Limbic_TempPole_2,7Networks_LH_Limbic_TempPole_2,303,cortex,L,Limbic,-25.082436,3.405789,-37.437097,3186,,,,
7Networks_LH_Limbic_TempPole_3,7Networks_LH_Limbic_TempPole_3,304,cortex,L,Limbic,-27.263026,-10.86136,-31.668981,2555,,,,
7Networks_LH_Limbic_TempPole_4,7Networks_LH_Limbic_TempPole_4,305,cortex,L,Limbic,-52.113279,-20.928427,-29.456492,3644,,,,
7Networks_LH_Limbic_TempPole_5,7Networks_LH_Limbic_TempPole_5,306,cortex,L,Limbic,-40.894976,-20.562342,-25.440781,3152,,,,
7Networks_LH_Limbic_TempPole_6,7Networks_LH_Limbic_TempPole_6,307,cortex,L,Limbic,-42.360818,11.066857,-33.503152,6058,,,,
7Networks_LH_Limbic_TempPole_7,7Networks_LH_Limbic_TempPole_7,308,cortex,L,Limbic,-32.977044,10.286803,-27.845032,3392,,,,
7Networks_LH_Limbic_TempPole_8,7Networks_LH_Limbic_TempPole_8,309,cortex,L,Limbic,-22.004531,-23.398519,-23.661545,1582,,,,
7Networks_LH_Cont_Par_1,7Networks_LH_Cont_Par_1,310,cortex,L,Cont,-29.331688,-69.721658,40.162026,2154,,,,
7Networks_LH_Cont_Par_2,7Networks_LH_Cont_Par_2,311,cortex,L,Cont,-56.276252,-40.946425,39.999107,1550,,,,
7Networks_LH_Cont_Par_3,7Networks_LH_Cont_Par_3,312,cortex,L,Cont,-51.29537,-49.31342,41.848046,2478,,,,
7Networks_LH_Cont_Par_4,7Networks_LH_Cont_Par_4,313,cortex,L,Cont,-33.359176,-59.128518,43.607426,2594,,,,
7Networks_LH_Cont_Par_5,7Networks_LH_Cont_Par_5,314,cortex,L,Cont,-40.990548,-51.099147,44.95089,1256,,,,
7Networks_LH_Cont_Par_6,7Networks_LH_Cont_Par_6,315,cortex,L,Cont,-46.430848,-41.04848,44.878782,2649,,,,
7Networks_LH_Cont_Temp_1,7Networks_LH_Cont_Temp_1,316,cortex,L,Cont,-57.561713,-50.220307,-8.902747,3327,,,,
7Networks_LH_Cont_OFC_1,7Networks_LH_Cont_OFC_1,317,cortex,L,Cont,-26.671603,49.133099,-12.808933,2836,,,,
7Networks_LH_Cont_PFCl_1,7Networks_LH_Cont_PFCl_1,318,cortex,L,Cont,-40.986854,46.77625,-4.823172,4475,,,,
7Networks_LH_Cont_PFCl_2,7Networks_LH_Cont_PFCl_2,319,cortex,L,Cont,-43.60288,35.933692,10.137543,3065,,,,
7Networks_LH_Cont_PFCl_3,7Networks_LH_Cont_PFCl_3,320,cortex,L,Cont,-36.845206,48.132294,11.473822,3717,,,,
7Networks_LH_Cont_PFCl_4,7Networks_LH_Cont_PFCl_4,321,cortex,L,Cont,-26.855658,52.440979,13.688234,3238,,,,
7Networks_LH_Cont_PFCl_5,7Networks_LH_Cont_PFCl_5,322,cortex,L,Cont,-39.660233,36.999973,20.718456,4403,,,,
7Networks_LH_Cont_PFCl_6,7Networks_LH_Cont_PFCl_6,323,cortex,L,Cont,-42.622267,21.455399,25.899478,5773,,,,
7Networks_LH_Cont_PFCl_7,7Networks_LH_Cont_PFCl_7,324,cortex,L,Cont,-39.482856,8.489741,33.569861,1920,,,,
7Networks_LH_Cont_PFCl_8,7Networks_LH_Cont_PFCl_8,325,cortex,L,Cont,-36.414881,30.222422,34.044059,3118,,,,
7Networks_LH_Cont_PFCv_1,7Networks_LH_Cont_PFCv_1,326,cortex,L,Cont,-32.060521,15.382975,-10.291062,1372,,,,
7Networks_LH_Cont_pCun_1,7Networks_LH_Cont_pCun_1,327,cortex,L,Cont,-9.864882,-71.821575,46.192104,2110,,,,
7Networks_LH_Cont_pCun_2,7Networks_LH_Cont_pCun_2,328,cortex,L,Cont,-6.980455,-61.242688,53.171364,2037,,,,
7Networks_LH_Cont_Cing_1,7Networks_LH_Cont_Cing_1,329,cortex,L,Cont,-3.168271,1.044937,30.133453,1143,,,,
7Networks_LH_Cont_Cing_2,7Networks_LH_Cont_Cing_2,330,cortex,L,Cont,-4.304103,-21.742601,28.775127,1000,,,,
7Networks_LH_Cont_PFCmp_1,7Networks_LH_Cont_PFCmp_1,331,cortex,L,Cont,-5.168215,23.800302,47.228763,3665,,,,
7Networks_LH_Default_Temp_1,7Networks_LH_Default_Temp_1,332,cortex,L,Default,-51.881677,-2.015283,-29.530362,4224,,,,
7Networks_LH_Default_Temp_2,7Networks_LH_Default_Temp_2,333,cortex,L,Default,-59.52114,-19.478029,-19.338828,3593,,,,
7Networks_LH_Default_Temp_3,7Networks_LH_Default_Temp_3,334,cortex,L,Default,-57.368926,-37.980299,-17.781975,4399,,,,
7Networks_LH_Default_Temp_4,7Networks_LH_Default_Temp_4,335,cortex,L,Default,-54.488245,-11.051578,-14.342195,4126,,,,
7Networks_LH_Default_Temp_5,7Networks_LH_Default_Temp_5,336,cortex,L,Default,-53.395781,2.616978,-11.475074,3453,,,,
7Networks_LH_Default_Temp_6,7Networks_LH_Default_Temp_6,337,cortex,L,Default,-57.951685,-36.464391,-3.797215,4103,,,,
7Networks_LH_Default_Temp_7,7Networks_LH_Default_Temp_7,338,cortex,L,Default,-52.430431,-24.925639,-4.844958,1869,,,,
7Networks_LH_Default_Temp_8,7Networks_LH_Default_Temp_8,339,cortex,L,Default,-58.683913,-14.541394,-2.607969,1898,,,,
7Networks_LH_Default_Temp_9,7Networks_LH_Default_Temp_9,340,cortex,L,Default,-59.959241,-33.000974,6.025218,2637,,,,
7Networks_LH_Default_Temp_10,7Networks_LH_Default_Temp_10,341,cortex,L,Default,-52.482452,-42.68865,5.267535,1869,,,,
7Networks_LH_Default_Par_1,7Networks_LH_Default_Par_1,342,cortex,L,Default,-56.235778,-48.229832,16.307606,2029,,,,
7Networks_LH_Default_Par_2,7Networks_LH_Default_Par_2,343,cortex,L,Default,-46.814083,-58.169657,19.647777,2312,,,,
7Networks_LH_Default_Par_3,7Networks_LH_Default_Par_3,344,cortex,L,Default,-39.756208,-76.081389,28.31127,3700,,,,
7Networks_LH_Default_Par_4,7Networks_LH_Default_Par_4,345,cortex,L,Default,-46.230503,-62.515347,30.114476,3710,,,,
7Networks_LH_Default_Par_5,7Networks_LH_Default_Par_5,346,cortex,L,Default,-54.185798,-52.500166,28.523707,3037,,,,
7Networks_LH_Default_Par_6,7Networks_LH_Default_Par_6,347,cortex,L,Default,-38.838218,-69.752824,41.48415,3557,,,,
7Networks_LH_Default_Par_7,7Networks_LH_Default_Par_7,348,cortex,L,Default,-45.93242,-58.332069,43.097517,2409,,,,
7Networks_LH_Default_PFC_1,7Networks_LH_Default_PFC_1,349,cortex,L,Default,-32.643428,20.642412,-15.812213,3355,,,,
7Networks_LH_Default_PFC_2,7Networks_LH_Default_PFC_2,350,cortex,L,Default,-34.009268,36.513538,-12.532181,1808,,,,
7Networks_LH_Default_PFC_3,7Networks_LH_Default_PFC_3,351,cortex,L,Default,-5.865077,54.056116,-9.095926,2835,,,,
7Networks_LH_Default_PFC_4,7Networks_LH_Default_PFC_4,352,cortex,L,Default,-5.882449,34.782372,-9.374053,3676,,,,
7Networks_LH_Default_PFC_5,7Networks_LH_Default_PFC_5,353,cortex,L,Default,-45.265206,31.95898,-8.698243,2553,,,,
7Networks_LH_Default_PFC_6,7Networks_LH_Default_PFC_6,354,cortex,L,Default,-28.604986,55.386386,1.955806,2539,,,,
7Networks_LH_Default_PFC_7,7Networks_LH_Default_PFC_7,355,cortex,L,Default,-46.61034,29.123615,1.932849,3115,,,,
7Networks_LH_Default_PFC_8,7Networks_LH_Default_PFC_8,356,cortex,L,Default,-7.654597,57.135959,8.608778,1999,,,,
7Networks_LH_Default_PFC_9,7Networks_LH_Default_PFC_9,357,cortex,L,Default,-7.308672,44.188264,7.378125,4263,,,,
7Networks_LH_Default_PFC_10,7Networks_LH_Default_PFC_10,358,cortex,L,Default,-50.221834,22.030915,10.917105,4058,,,,
7Networks_LH_Default_PFC_11,7Networks_LH_Default_PFC_11,359,cortex,L,Default,-16.651191,62.982369,10.773049,2678,,,,
7Networks_LH_Default_PFC_12,7Networks_LH_Default_PFC_12,360,cortex,L,Default,-6.242512,32.019376,22.697983,3642,,,,
7Networks_LH_Default_PFC_13,7Networks_LH_Default_PFC_13,361,cortex,L,Default,-6.126354,48.354824,29.052263,6330,,,,
7Networks_LH_Default_PFC_14,7Networks_LH_Default_PFC_14,362,cortex,L,Default,-14.508859,53.506492,30.077966,3765,,,,
7Networks_LH_Default_PFC_15,7Networks_LH_Default_PFC_15,363,cortex,L,Default,-22.051411,47.694138,27.285891,3346,,,,
7Networks_LH_Default_PFC_16,7Networks_LH_Default_PFC_16,364,cortex,L,Default,-26.64803,29.68764,39.472945,2194,,,,
7Networks_LH_Default_PFC_17,7Networks_LH_Default_PFC_17,365,cortex,L,Default,-38.052967,16.225957,45.062451,4307,,,,
7Networks_LH_Default_PFC_18,7Networks_LH_Default_PFC_18,366,cortex,L,Default,-9.312829,38.880357,48.804499,1905,,,,
7Networks_LH_Default_PFC_19,7Networks_LH_Default_PFC_19,367,cortex,L,Default,-19.068882,34.638116,42.099434,2128,,,,
7Networks_LH_Default_PFC_20,7Networks_LH_Default_PFC_20,368,cortex,L,Default,-40.178396,4.706298,46.61688,3289,,,,
7Networks_LH_Default_PFC_21,7Networks_LH_Default_PFC_21,369,cortex,L,Default,-29.596642,15.42807,51.324777,2234,,,,
7Networks_LH_Default_PFC_22,7Networks_LH_Default_PFC_22,370,cortex,L,Default,-21.635053,19.569553,49.412224,2003,,,,
7Networks_LH_Default_PFC_23,7Networks_LH_Default_PFC_23,371,cortex,L,Default,-11.622978,20.461203,59.63902,3089,,,,
7Networks_LH_Default_PFC_24,7Networks_LH_Default_PFC_24,372,cortex,L,Default,-7.076464,6.638432,64.167957,3270,,,,
7Networks_LH_Default_pCunPCC_1,7Networks_LH_Default_pCunPCC_1,373,cortex,L,Default,-7.049149,-49.874636,9.02603,1375,,,,
7Networks_LH_Default_pCunPCC_2,7Networks_LH_Default_pCunPCC_2,374,cortex,L,Default,-13.123215,-60.068015,15.999065,2153,,,,
7Networks_LH_Default_pCunPCC_3,7Networks_LH_Default_pCunPCC_3,375,cortex,L,Default,-4.456325,-52.098533,20.528513,1691,,,,
7Networks_LH_Default_pCunPCC_4,7Networks_LH_Default_pCunPCC_4,376,cortex,L,Default,-5.533658,-38.8285,23.978792,679,,,,
7Networks_LH_Default_pCunPCC_5,7Networks_LH_Default_pCunPCC_5,377,cortex,L,Default,-10.432089,-67.964924,31.397938,2054,,,,
7Networks_LH_Default_pCunPCC_6,7Networks_LH_Default_pCunPCC_6,378,cortex,L,Default,-6.169966,-58.928314,31.175088,2807,,,,
7Networks_LH_Default_pCunPCC_7,7Networks_LH_Default_pCunPCC_7,379,cortex,L,Default,-7.676651,-43.761301,34.026759,2021,,,,
7Networks_LH_Default_pCunPCC_8,7Networks_LH_Default_pCunPCC_8,380,cortex,L,Default,-3.447797,-31.624012,37.755139,1792,,,,
7Networks_LH_Default_pCunPCC_9,7Networks_LH_Default_pCunPCC_9,381,cortex,L,Default,-2.432894,-15.738284,37.660927,1539,,,,
7Networks_LH_Default_pCunPCC_10,7Networks_LH_Default_pCunPCC_10,382,cortex,L,Default,-4.895415,-65.936533,43.853772,1190,,,,
7Networks_LH_Default_pCunPCC_11,7Networks_LH_Default_pCunPCC_11,383,cortex,L,Default,-7.078494,-50.250005,44.592336,3095,,,,
7Networks_RH_Vis_1,7Networks_RH_Vis_1,384,cortex,R,Vis,35.251705,-36.758418,-21.848853,2934,,,,
7Networks_RH_Vis_2,7Networks_RH_Vis_2,385,cortex,R,Vis,30.860095,-32.040556,-17.291092,2806,,,,
7Networks_RH_Vis_3,7Networks_RH_Vis_3,386,cortex,R,Vis,35.787628,-55.495023,-16.654692,2725,,,,
7Networks_RH_Vis_4,7Networks_RH_Vis_4,387,cortex,R,Vis,33.109025,-75.209489,-12.663312,3045,,,,
7Networks_RH_Vis_5,7Networks_RH_Vis_5,388,cortex,R,Vis,26.59986,-51.769271,-8.602461,3603,,,,
7Networks_RH_Vis_6,7Networks_RH_Vis_6,389,cortex,R,Vis,20.882446,-72.869103,-8.460266,4391,,,,
7Networks_RH_Vis_7,7Networks_RH_Vis_7,390,cortex,R,Vis,17.565823,-35.701742,-10.708619,1078,,,,
7Networks_RH_Vis_8,7Networks_RH_Vis_8,391,cortex,R,Vis,18.703391,-86.517981,-9.833509,2207,,,,
7Networks_RH_Vis_9,7Networks_RH_Vis_9,392,cortex,R,Vis,46.510036,-66.093507,-6.339815,4487,,,,
7Networks_RH_Vis_10,7Networks_RH_Vis_10,393,cortex,R,Vis,38.965553,-83.648361,-8.433251,2148,,,,
7Networks_RH_Vis_11,7Networks_RH_Vis_11,394,cortex,R,Vis,8.407838,-71.95267,-0.536727,2630,,,,
7Networks_RH_Vis_12,7Networks_RH_Vis_12,395,cortex,R,Vis,13.739343,-56.317718,-3.21018,2769,,,,
7Networks_RH_Vis_13,7Networks_RH_Vis_13,396,cortex,R,Vis,25.87231,-93.838901,-6.883617,3450,,,,
7Networks_RH_Vis_14,7Networks_RH_Vis_14,397,cortex,R,Vis,17.512862,-44.902476,-2.501259,1730,,,,
7Networks_RH_Vis_15,7Networks_RH_Vis_15,398,cortex,R,Vis,11.32164,-91.363218,-1.12434,5861,,,,
7Networks_RH_Vis_16,7Networks_RH_Vis_16,399,cortex,R,Vis,46.262812,-67.094588,7.058583,5082,,,,
7Networks_RH_Vis_17,7Networks_RH_Vis_17,400,cortex,R,Vis,13.035057,-44.447783,2.851146,973,,,,
7Networks_RH_Vis_18,7Networks_RH_Vis_18,401,cortex,R,Vis,34.285732,-85.653356,5.023861,3054,,,,
7Networks_RH_Vis_19,7Networks_RH_Vis_19,402,cortex,R,Vis,10.909008,-74.902201,8.86604,5048,,,,
7Networks_RH_Vis_20,7Networks_RH_Vis_20,403,cortex,R,Vis,22.081931,-59.527185,5.967709,2544,,,,
7Networks_RH_Vis_21,7Networks_RH_Vis_21,404,cortex,R,Vis,23.183106,-96.377404,7.807159,2453,,,,
7Networks_RH_Vis_22,7Networks_RH_Vis_22,405,cortex,R,Vis,41.571648,-77.247025,13.445206,4590,,,,
7Networks_RH_Vis_23,7Networks_RH_Vis_23,406,cortex,R,Vis,14.438062,-91.805645,17.745478,3764,,,,
7Networks_RH_Vis_24,7Networks_RH_Vis_24,407,cortex,R,Vis,16.227837,-66.540214,19.012325,2637,,,,
7Networks_RH_Vis_25,7Networks_RH_Vis_25,408,cortex,R,Vis,6.397375,-81.836537,21.500883,2466,,,,
7Networks_RH_Vis_26,7Networks_RH_Vis_26,409,cortex,R,Vis,27.627038,-84.511006,20.665389,3733,,,,
7Networks_RH_Vis_27,7Networks_RH_Vis_27,410,cortex,R,Vis,34.987015,-76.32115,24.18676,2401,,,,
7Networks_RH_Vis_28,7Networks_RH_Vis_28,411,cortex,R,Vis,16.370766,-75.165792,33.484881,2826,,,,
7Networks_RH_Vis_29,7Networks_RH_Vis_29,412,cortex,R,Vis,18.799772,-83.076987,35.965771,3410,,,,
7Networks_RH_Vis_30,7Networks_RH_Vis_30,413,cortex,R,Vis,27.118284,-73.868188,38.070369,2551,,,,
7Networks_RH_SomMot_1,7Networks_RH_SomMot_1,414,cortex,R,SomMot,53.412573,-0.142202,-4.738419,3905,,,,
7Networks_RH_SomMot_2,7Networks_RH_SomMot_2,415,cortex,R,SomMot,60.265487,-22.066543,1.284229,3220,,,,
7Networks_RH_SomMot_3,7Networks_RH_SomMot_3,416,cortex,R,SomMot,53.713166,-16.495229,6.790221,3460,,,,
7Networks_RH_SomMot_4,7Networks_RH_SomMot_4,417,cortex,R,SomMot,41.264244,-16.698222,1.803041,1224,,,,
7Networks_RH_SomMot_5,7Networks_RH_SomMot_5,418,cortex,R,SomMot,38.351444,-6.548187,12.651326,967,,,,
7Networks_RH_SomMot_6,7Networks_RH_SomMot_6,419,cortex,R,SomMot,35.87966,-20.013992,12.959327,832,,,,
7Networks_RH_SomMot_7,7Networks_RH_SomMot_7,420,cortex,R,SomMot,59.820864,-27.527691,12.315919,2511,,,,
7Networks_RH_SomMot_8,7Networks_RH_SomMot_8,421,cortex,R,SomMot,60.280989,-36.90347,13.292095,2017,,,,
7Networks_RH_SomMot_9,7Networks_RH_SomMot_9,422,cortex,R,SomMot,41.108434,-12.620694,18.069325,858,,,,
7Networks_RH_SomMot_10,7Networks_RH_SomMot_10,423,cortex,R,SomMot,42.153609,-28.871367,18.176473,1987,,,,
7Networks_RH_SomMot_11,7Networks_RH_SomMot_11,424,cortex,R,SomMot,50.109539,-11.098916,14.476703,1161,,,,
7Networks_RH_SomMot_12,7Networks_RH_SomMot_12,425,cortex,R,SomMot,57.391888,-0.315598,10.817354,2054,,,,
7Networks_RH_SomMot_13,7Networks_RH_SomMot_13,426,cortex,R,SomMot,49.188903,-21.529051,19.149807,1355,,,,
7Networks_RH_SomMot_14,7Networks_RH_SomMot_14,427,cortex,R,SomMot,60.82904,-12.26689,16.372525,1396,,,,
7Networks_RH_SomMot_15,7Networks_RH_SomMot_15,428,cortex,R,SomMot,58.5637,4.292891,29.40592,1257,,,,
7Networks_RH_SomMot_16,7Networks_RH_SomMot_16,429,cortex,R,SomMot,57.335481,-6.764299,26.836693,3751,,,,
7Networks_RH_SomMot_17,7Networks_RH_SomMot_17,430,cortex,R,SomMot,59.57334,-15.799216,31.165486,1974,,,,
7Networks_RH_SomMot_18,7Networks_RH_SomMot_18,431,cortex,R,SomMot,49.237935,-7.420007,35.253792,2033,,,,
7Networks_RH_SomMot_19,7Networks_RH_SomMot_19,432,cortex,R,SomMot,54.063317,-18.238871,40.546952,1090,,,,
7Networks_RH_SomMot_20,7Networks_RH_SomMot_20,433,cortex,R,SomMot,9.869735,-15.493812,41.859813,1375,,,,
7Networks_RH_SomMot_21,7Networks_RH_SomMot_21,434,cortex,R,SomMot,50.208183,-14.320459,45.997614,1435,,,,
7Networks_RH_SomMot_22,7Networks_RH_SomMot_22,435,cortex,R,SomMot,42.940419,-10.769946,45.542156,1822,,,,
7Networks_RH_SomMot_23,7Networks_RH_SomMot_23,436,cortex,R,SomMot,46.633354,-25.463642,52.793755,2608,,,,
7Networks_RH_SomMot_24,7Networks_RH_SomMot_24,437,cortex,R,SomMot,8.018089,-8.441152,49.797057,3085,,,,
7Networks_RH_SomMot_25,7Networks_RH_SomMot_25,438,cortex,R,SomMot,40.362453,-21.464716,50.335258,1491,,,,
7Networks_RH_SomMot_26,7Networks_RH_SomMot_26,439,cortex,R,SomMot,34.456062,-18.582128,58.85463,3115,,,,
7Networks_RH_SomMot_27,7Networks_RH_SomMot_27,440,cortex,R,SomMot,33.126482,-34.028314,59.288644,1377,,,,
7Networks_RH_SomMot_28,7Networks_RH_SomMot_28,441,cortex,R,SomMot,30.843492,-40.685374,58.632125,1917,,,,
7Networks_RH_SomMot_29,7Networks_RH_SomMot_29,442,cortex,R,SomMot,33.076653,-27.774327,57.979893,1577,,,,
7Networks_RH_SomMot_30,7Networks_RH_SomMot_30,443,cortex,R,SomMot,5.349953,-24.310275,56.38556,2239,,,,
7Networks_RH_SomMot_31,7Networks_RH_SomMot_31,444,cortex,R,SomMot,26.720946,-11.417304,62.170894,2031,,,,
7Networks_RH_SomMot_32,7Networks_RH_SomMot_32,445,cortex,R,SomMot,10.27198,-41.024358,65.138924,2054,,,,
7Networks_RH_SomMot_33,7Networks_RH_SomMot_33,446,cortex,R,SomMot,20.315374,-25.386765,62.760219,999,,,,
7Networks_RH_SomMot_34,7Networks_RH_SomMot_34,447,cortex,R,SomMot,20.778733,-30.308039,63.567587,1062,,,,
7Networks_RH_SomMot_35,7Networks_RH_SomMot_35,448,cortex,R,SomMot,22.762181,-35.476787,67.167312,1246,,,,
7Networks_RH_SomMot_36,7Networks_RH_SomMot_36,449,cortex,R,SomMot,14.174788,-10.08022,69.34586,1796,,,,
7Networks_RH_SomMot_37,7Networks_RH_SomMot_37,450,cortex,R,SomMot,15.386821,-47.342124,68.427384,1955,,,,
7Networks_RH_SomMot_38,7Networks_RH_SomMot_38,451,cortex,R,SomMot,5.485554,-24.189229,68.180419,2136,,,,
7Networks_RH_SomMot_39,7Networks_RH_SomMot_39,452,cortex,R,SomMot,14.689132,-21.763062,70.773783,2202,,,,
7Networks_RH_SomMot_40,7Networks_RH_SomMot_40,453,cortex,R,SomMot,12.24964,-34.823056,72.689658,1156,,,,
7Networks_RH_DorsAttn_Post_1,7Networks_RH_DorsAttn_Post_1,454,cortex,R,DorsAttn,47.494497,-50.26444,-15.321684,5818,,,,
7Networks_RH_DorsAttn_Post_2,7Networks_RH_DorsAttn_Post_2,455,cortex,R,DorsAttn,55.081301,-55.546534,1.267018,2743,,,,
7Networks_RH_DorsAttn_Post_3,7Networks_RH_DorsAttn_Post_3,456,cortex,R,DorsAttn,49.856934,-56.242831,11.957641,2663,,,,
7Networks_RH_DorsAttn_Post_4,7Networks_RH_DorsAttn_Post_4,457,cortex,R,DorsAttn,42.433064,-73.896708,30.814773,3382,,,,
7Networks_RH_DorsAttn_Post_5,7Networks_RH_DorsAttn_Post_5,458,cortex,R,DorsAttn,30.633821,-67.237989,34.583038,2181,,,,
7Networks_RH_DorsAttn_Post_6,7Networks_RH_DorsAttn_Post_6,459,cortex,R,DorsAttn,54.544286,-24.89073,41.393334,1327,,,,
7Networks_RH_DorsAttn_Post_7,7Networks_RH_DorsAttn_Post_7,460,cortex,R,DorsAttn,16.393377,-72.59055,47.032047,1054,,,,
7Networks_RH_DorsAttn_Post_8,7Networks_RH_DorsAttn_Post_8,461,cortex,R,DorsAttn,40.32984,-38.360377,43.470862,1789,,,,
7Networks_RH_DorsAttn_Post_9,7Networks_RH_DorsAttn_Post_9,462,cortex,R,DorsAttn,44.84524,-28.360271,42.513251,1699,,,,
7Networks_RH_DorsAttn_Post_10,7Networks_RH_DorsAttn_Post_10,463,cortex,R,DorsAttn,28.576507,-61.123051,48.662812,1716,,,,
7Networks_RH_DorsAttn_Post_11,7Networks_RH_DorsAttn_Post_11,464,cortex,R,DorsAttn,35.793119,-45.551138,44.788534,2379,,,,
7Networks_RH_DorsAttn_Post_12,7Networks_RH_DorsAttn_Post_12,465,cortex,R,DorsAttn,20.699654,-66.009545,52.91186,2962,,,,
7Networks_RH_DorsAttn_Post_13,7Networks_RH_DorsAttn_Post_13,466,cortex,R,DorsAttn,37.151616,-36.80364,48.649441,1757,,,,
7Networks_RH_DorsAttn_Post_14,7Networks_RH_DorsAttn_Post_14,467,cortex,R,DorsAttn,32.620486,-50.180372,51.174049,3113,,,,
7Networks_RH_DorsAttn_Post_15,7Networks_RH_DorsAttn_Post_15,468,cortex,R,DorsAttn,9.564914,-67.03079,52.898806,2235,,,,
7Networks_RH_DorsAttn_Post_16,7Networks_RH_DorsAttn_Post_16,469,cortex,R,DorsAttn,25.985875,-55.74425,58.448246,3204,,,,
7Networks_RH_DorsAttn_Post_17,7Networks_RH_DorsAttn_Post_17,470,cortex,R,DorsAttn,7.875925,-53.8135,58.603773,4108,,,,
7Networks_RH_DorsAttn_Post_18,7Networks_RH_DorsAttn_Post_18,471,cortex,R,DorsAttn,13.900612,-60.293739,60.783391,2070,,,,
7Networks_RH_DorsAttn_Post_19,7Networks_RH_DorsAttn_Post_19,472,cortex,R,DorsAttn,24.398309,-48.220164,63.916574,2890,,,,
7Networks_RH_DorsAttn_FEF_1,7Networks_RH_DorsAttn_FEF_1,473,cortex,R,DorsAttn,38.528561,-3.214868,50.904784,2588,,,,
7Networks_RH_DorsAttn_FEF_2,7Networks_RH_DorsAttn_FEF_2,474,cortex,R,DorsAttn,27.046515,-3.05684,53.325289,2385,,,,
7Networks_RH_DorsAttn_FEF_3,7Networks_RH_DorsAttn_FEF_3,475,cortex,R,DorsAttn,21.319122,-3.991898,63.216754,1273,,,,
7Networks_RH_DorsAttn_PrCv_1,7Networks_RH_DorsAttn_PrCv_1,476,cortex,R,DorsAttn,49.452173,7.762169,25.156466,3134,,,,
7Networks_RH_SalVentAttn_TempOccPar_1,7Networks_RH_SalVentAttn_TempOccPar_1,477,cortex,R,SalVentAttn,54.882543,-47.987556,9.351047,2037,,,,
7Networks_RH_SalVentAttn_TempOccPar_2,7Networks_RH_SalVentAttn_TempOccPar_2,478,cortex,R,SalVentAttn,51.999023,-42.643433,13.316433,1460,,,,
7Networks_RH_SalVentAttn_TempOccPar_3,7Networks_RH_SalVentAttn_TempOccPar_3,479,cortex,R,SalVentAttn,56.764198,-43.125784,22.675902,1438,,,,
7Networks_RH_SalVentAttn_TempOccPar_4,7Networks_RH_SalVentAttn_TempOccPar_4,480,cortex,R,SalVentAttn,56.398879,-33.049157,24.772329,2755,,,,
7Networks_RH_SalVentAttn_TempOccPar_5,7Networks_RH_SalVentAttn_TempOccPar_5,481,cortex,R,SalVentAttn,57.875823,-22.320578,24.754605,2411,,,,
7Networks_RH_SalVentAttn_TempOccPar_6,7Networks_RH_SalVentAttn_TempOccPar_6,482,cortex,R,SalVentAttn,59.645908,-30.234012,36.466051,2410,,,,
7Networks_RH_SalVentAttn_TempOccPar_7,7Networks_RH_SalVentAttn_TempOccPar_7,483,cortex,R,SalVentAttn,56.034536,-41.994846,36.306428,2719,,,,
7Networks_RH_SalVentAttn_PrC_1,7Networks_RH_SalVentAttn_PrC_1,484,cortex,R,SalVentAttn,48.243604,2.928549,39.593037,2561,,,,
7Networks_RH_SalVentAttn_FrOperIns_1,7Networks_RH_SalVentAttn_FrOperIns_1,485,cortex,R,SalVentAttn,39.213057,5.465085,-17.569565,2269,,,,
7Networks_RH_SalVentAttn_FrOperIns_2,7Networks_RH_SalVentAttn_FrOperIns_2,486,cortex,R,SalVentAttn,39.658119,9.942144,-5.604713,2104,,,,
7Networks_RH_SalVentAttn_FrOperIns_3,7Networks_RH_SalVentAttn_FrOperIns_3,487,cortex,R,SalVentAttn,40.303522,-6.364203,-8.011022,2053,,,,
7Networks_RH_SalVentAttn_FrOperIns_4,7Networks_RH_SalVentAttn_FrOperIns_4,488,cortex,R,SalVentAttn,39.386513,2.601228,2.364441,1384,,,,
7Networks_RH_SalVentAttn_FrOperIns_5,7Networks_RH_SalVentAttn_FrOperIns_5,489,cortex,R,SalVentAttn,37.274558,22.495904,5.190173,3487,,,,
7Networks_RH_SalVentAttn_FrOperIns_6,7Networks_RH_SalVentAttn_FrOperIns_6,490,cortex,R,SalVentAttn,38.101104,5.788567,10.858131,1230,,,,
7Networks_RH_SalVentAttn_FrOperIns_7,7Networks_RH_SalVentAttn_FrOperIns_7,491,cortex,R,SalVentAttn,49.492595,5.357218,4.808006,2449,,,,
7Networks_RH_SalVentAttn_FrOperIns_8,7Networks_RH_SalVentAttn_FrOperIns_8,492,cortex,R,SalVentAttn,52.629033,12.502591,12.324283,2565,,,,
7Networks_RH_SalVentAttn_PFCl_1,7Networks_RH_SalVentAttn_PFCl_1,493,cortex,R,SalVentAttn,32.398763,42.897544,25.616167,5188,,,,
7Networks_RH_SalVentAttn_Med_1,7Networks_RH_SalVentAttn_Med_1,494,cortex,R,SalVentAttn,7.271304,16.235051,36.33049,4518,,,,
7Networks_RH_SalVentAttn_Med_2,7Networks_RH_SalVentAttn_Med_2,495,cortex,R,SalVentAttn,6.870458,0.380977,41.883922,3572,,,,
7Networks_RH_SalVentAttn_Med_3,7Networks_RH_SalVentAttn_Med_3,496,cortex,R,SalVentAttn,10.862871,-31.153339,42.004201,1971,,,,
7Networks_RH_SalVentAttn_Med_4,7Networks_RH_SalVentAttn_Med_4,497,cortex,R,SalVentAttn,6.820002,9.667658,54.399095,1775,,,,
7Networks_RH_SalVentAttn_Med_5,7Networks_RH_SalVentAttn_Med_5,498,cortex,R,SalVentAttn,11.160546,-43.278329,52.262064,1357,,,,
7Networks_RH_SalVentAttn_Med_6,7Networks_RH_SalVentAttn_Med_6,499,cortex,R,SalVentAttn,11.553346,-30.759888,48.406104,1497,,,,
7Networks_RH_SalVentAttn_Med_7,7Networks_RH_SalVentAttn_Med_7,500,cortex,R,SalVentAttn,6.823871,-3.834321,64.063719,2485,,,,
7Networks_RH_SalVentAttn_Med_8,7Networks_RH_SalVentAttn_Med_8,501,cortex,R,SalVentAttn,14.639178,3.505147,67.750608,1314,,,,
7Networks_RH_Limbic_OFC_1,7Networks_RH_Limbic_OFC_1,502,cortex,R,Limbic,13.178445,19.964661,-19.7053,2539,,,,
7Networks_RH_Limbic_OFC_2,7Networks_RH_Limbic_OFC_2,503,cortex,R,Limbic,22.863285,23.949494,-18.512008,2823,,,,
7Networks_RH_Limbic_OFC_3,7Networks_RH_Limbic_OFC_3,504,cortex,R,Limbic,8.314161,43.744453,-22.50215,2986,,,,
7Networks_RH_Limbic_OFC_4,7Networks_RH_Limbic_OFC_4,505,cortex,R,Limbic,20.159297,44.461886,-17.160891,1845,,,,
7Networks_RH_Limbic_OFC_5,7Networks_RH_Limbic_OFC_5,506,cortex,R,Limbic,4.923859,17.716858,-19.676647,2482,,,,
7Networks_RH_Limbic_OFC_6,7Networks_RH_Limbic_OFC_6,507,cortex,R,Limbic,9.329273,61.325559,-13.214411,2598,,,,
7Networks_RH_Limbic_TempPole_1,7Networks_RH_Limbic_TempPole_1,508,cortex,R,Limbic,28.680105,-2.212003,-38.17499,5576,,,,
7Networks_RH_Limbic_TempPole_2,7Networks_RH_Limbic_TempPole_2,509,cortex,R,Limbic,49.797414,-8.567426,-36.050448,4643,,,,
7Networks_RH_Limbic_TempPole_3,7Networks_RH_Limbic_TempPole_3,510,cortex,R,Limbic,37.054689,13.895415,-36.385638,3160,,,,
7Networks_RH_Limbic_TempPole_4,7Networks_RH_Limbic_TempPole_4,511,cortex,R,Limbic,40.469272,-15.4478,-29.725803,3766,,,,
7Networks_RH_Limbic_TempPole_5,7Networks_RH_Limbic_TempPole_5,512,cortex,R,Limbic,30.073447,8.594903,-27.789678,3732,,,,
7Networks_RH_Limbic_TempPole_6,7Networks_RH_Limbic_TempPole_6,513,cortex,R,Limbic,48.88094,-29.314207,-24.315578,3450,,,,
7Networks_RH_Limbic_TempPole_7,7Networks_RH_Limbic_TempPole_7,514,cortex,R,Limbic,24.262669,-19.367873,-26.102817,2312,,,,
7Networks_RH_Cont_Par_1,7Networks_RH_Cont_Par_1,515,cortex,R,Cont,49.262445,-55.132952,42.144483,3468,,,,
7Networks_RH_Cont_Par_2,7Networks_RH_Cont_Par_2,516,cortex,R,Cont,50.287592,-46.132659,44.135887,2052,,,,
7Networks_RH_Cont_Par_3,7Networks_RH_Cont_Par_3,517,cortex,R,Cont,34.075124,-65.123787,41.060175,2177,,,,
7Networks_RH_Cont_Par_4,7Networks_RH_Cont_Par_4,518,cortex,R,Cont,49.646164,-36.029181,45.545607,1395,,,,
7Networks_RH_Cont_Par_5,7Networks_RH_Cont_Par_5,519,cortex,R,Cont,42.827951,-45.720442,43.923496,1255,,,,
7Networks_RH_Cont_Par_6,7Networks_RH_Cont_Par_6,520,cortex,R,Cont,38.391121,-55.309507,44.966932,2835,,,,
7Networks_RH_Cont_Temp_1,7Networks_RH_Cont_Temp_1,521,cortex,R,Cont,59.741982,-32.033437,-17.788309,4452,,,,
7Networks_RH_Cont_Temp_2,7Networks_RH_Cont_Temp_2,522,cortex,R,Cont,59.717989,-46.104706,-7.609418,3673,,,,
7Networks_RH_Cont_PFCv_1,7Networks_RH_Cont_PFCv_1,523,cortex,R,Cont,33.536712,21.285717,-8.115381,1673,,,,
7Networks_RH_Cont_PFCl_1,7Networks_RH_Cont_PFCl_1,524,cortex,R,Cont,26.791859,54.842645,-12.080536,3324,,,,
7Networks_RH_Cont_PFCl_2,7Networks_RH_Cont_PFCl_2,525,cortex,R,Cont,40.500951,50.260231,-4.281327,4081,,,,
7Networks_RH_Cont_PFCl_3,7Networks_RH_Cont_PFCl_3,526,cortex,R,Cont,27.050794,56.893936,3.369109,7218,,,,
7Networks_RH_Cont_PFCl_4,7Networks_RH_Cont_PFCl_4,527,cortex,R,Cont,45.134683,39.20703,5.891746,2277,,,,
7Networks_RH_Cont_PFCl_5,7Networks_RH_Cont_PFCl_5,528,cortex,R,Cont,39.997503,44.290453,14.773317,5134,,,,
7Networks_RH_Cont_PFCl_6,7Networks_RH_Cont_PFCl_6,529,cortex,R,Cont,45.401279,30.44971,17.933213,2325,,,,
7Networks_RH_Cont_PFCl_7,7Networks_RH_Cont_PFCl_7,530,cortex,R,Cont,45.560187,17.507987,24.129851,2242,,,,
7Networks_RH_Cont_PFCl_8,7Networks_RH_Cont_PFCl_8,531,cortex,R,Cont,25.003186,52.525574,21.491182,3258,,,,
7Networks_RH_Cont_PFCl_9,7Networks_RH_Cont_PFCl_9,532,cortex,R,Cont,43.870647,28.094728,26.78591,3209,,,,
7Networks_RH_Cont_PFCl_10,7Networks_RH_Cont_PFCl_10,533,cortex,R,Cont,40.602103,11.225842,32.821863,2750,,,,
7Networks_RH_Cont_PFCl_11,7Networks_RH_Cont_PFCl_11,534,cortex,R,Cont,37.959126,29.899234,35.79773,3010,,,,
7Networks_RH_Cont_PFCl_12,7Networks_RH_Cont_PFCl_12,535,cortex,R,Cont,41.235003,17.396405,40.284145,4138,,,,
7Networks_RH_Cont_PFCl_13,7Networks_RH_Cont_PFCl_13,536,cortex,R,Cont,41.06886,6.545038,46.0214,2309,,,,
7Networks_RH_Cont_PFCl_14,7Networks_RH_Cont_PFCl_14,537,cortex,R,Cont,34.048883,13.299317,51.96845,4195,,,,
7Networks_RH_Cont_PFCl_15,7Networks_RH_Cont_PFCl_15,538,cortex,R,Cont,24.047375,7.530252,57.276121,3527,,,,
7Networks_RH_Cont_pCun_1,7Networks_RH_Cont_pCun_1,539,cortex,R,Cont,12.622115,-68.729979,38.390032,2471,,,,
7Networks_RH_Cont_pCun_2,7Networks_RH_Cont_pCun_2,540,cortex,R,Cont,6.425243,-62.751857,45.715607,1704,,,,
7Networks_RH_Cont_Cing_1,7Networks_RH_Cont_Cing_1,541,cortex,R,Cont,6.157093,-25.269273,27.669732,1170,,,,
7Networks_RH_Cont_Cing_2,7Networks_RH_Cont_Cing_2,542,cortex,R,Cont,4.663022,-2.853045,30.389762,947,,,,
7Networks_RH_Cont_PFCmp_1,7Networks_RH_Cont_PFCmp_1,543,cortex,R,Cont,8.557591,34.192958,26.131141,3487,,,,
7Networks_RH_Cont_PFCmp_2,7Networks_RH_Cont_PFCmp_2,544,cortex,R,Cont,5.908179,26.138708,47.336307,2635,,,,
7Networks_RH_Default_Par_1,7Networks_RH_Default_Par_1,545,cortex,R,Default,51.848801,-48.765085,19.444589,1570,,,,
7Networks_RH_Default_Par_2,7Networks_RH_Default_Par_2,546,cortex,R,Default,46.927709,-64.444091,21.037126,3763,,,,
7Networks_RH_Default_Par_3,7Networks_RH_Default_Par_3,547,cortex,R,Default,50.564768,-56.074895,25.843074,3743,,,,
7Networks_RH_Default_Par_4,7Networks_RH_Default_Par_4,548,cortex,R,Default,53.785974,-49.641015,30.60286,1851,,,,
7Networks_RH_Default_Par_5,7Networks_RH_Default_Par_5,549,cortex,R,Default,44.766936,-64.654681,37.615437,3437,,,,
7Networks_RH_Default_Temp_1,7Networks_RH_Default_Temp_1,550,cortex,R,Default,49.695457,5.907359,-30.97421,4435,,,,
7Networks_RH_Default_Temp_2,7Networks_RH_Default_Temp_2,551,cortex,R,Default,59.953167,-12.029719,-21.266657,4737,,,,
7Networks_RH_Default_Temp_3,7Networks_RH_Default_Temp_3,552,cortex,R,Default,48.992044,13.247086,-19.043428,3093,,,,
7Networks_RH_Default_Temp_4,7Networks_RH_Default_Temp_4,553,cortex,R,Default,53.599419,-6.679609,-13.58345,4734,,,,
7Networks_RH_Default_Temp_5,7Networks_RH_Default_Temp_5,554,cortex,R,Default,61.244759,-28.553382,-5.769721,2674,,,,
7Networks_RH_Default_Temp_6,7Networks_RH_Default_Temp_6,555,cortex,R,Default,49.945883,-23.695326,-5.712176,1215,,,,
7Networks_RH_Default_Temp_7,7Networks_RH_Default_Temp_7,556,cortex,R,Default,59.714318,-40.913385,1.660637,1539,,,,
7Networks_RH_Default_Temp_8,7Networks_RH_Default_Temp_8,557,cortex,R,Default,50.915905,-35.864676,3.885929,2479,,,,
7Networks_RH_Default_PFCv_1,7Networks_RH_Default_PFCv_1,558,cortex,R,Default,32.614421,22.463342,-16.636599,2789,,,,
7Networks_RH_Default_PFCv_2,7Networks_RH_Default_PFCv_2,559,cortex,R,Default,34.609733,38.933774,-12.115775,2264,,,,
7Networks_RH_Default_PFCv_3,7Networks_RH_Default_PFCv_3,560,cortex,R,Default,47.077059,32.945917,-5.695032,3995,,,,
7Networks_RH_Default_PFCv_4,7Networks_RH_Default_PFCv_4,561,cortex,R,Default,51.374386,24.746904,9.200633,4172,,,,
7Networks_RH_Default_PFCdPFCm_1,7Networks_RH_Default_PFCdPFCm_1,562,cortex,R,Default,5.433645,38.058632,-10.039126,5339,,,,
7Networks_RH_Default_PFCdPFCm_2,7Networks_RH_Default_PFCdPFCm_2,563,cortex,R,Default,10.206421,64.752757,2.314336,2543,,,,
7Networks_RH_Default_PFCdPFCm_3,7Networks_RH_Default_PFCdPFCm_3,564,cortex,R,Default,8.086521,42.795263,4.436339,3908,,,,
7Networks_RH_Default_PFCdPFCm_4,7Networks_RH_Default_PFCdPFCm_4,565,cortex,R,Default,8.097958,52.252681,14.510655,4657,,,,
7Networks_RH_Default_PFCdPFCm_5,7Networks_RH_Default_PFCdPFCm_5,566,cortex,R,Default,15.685447,61.823414,17.488264,3189,,,,
7Networks_RH_Default_PFCdPFCm_6,7Networks_RH_Default_PFCdPFCm_6,567,cortex,R,Default,4.945409,21.274367,21.094307,1335,,,,
7Networks_RH_Default_PFCdPFCm_7,7Networks_RH_Default_PFCdPFCm_7,568,cortex,R,Default,7.326348,53.379416,30.581518,2440,,,,
7Networks_RH_Default_PFCdPFCm_8,7Networks_RH_Default_PFCdPFCm_8,569,cortex,R,Default,17.692091,49.06398,34.281404,2939,,,,
7Networks_RH_Default_PFCdPFCm_9,7Networks_RH_Default_PFCdPFCm_9,570,cortex,R,Default,5.892938,41.127885,38.292879,2274,,,,
7Networks_RH_Default_PFCdPFCm_10,7Networks_RH_Default_PFCdPFCm_10,571,cortex,R,Default,25.984994,33.100825,39.272046,3250,,,,
7Networks_RH_Default_PFCdPFCm_11,7Networks_RH_Default_PFCdPFCm_11,572,cortex,R,Default,13.011394,37.032819,49.877003,3622,,,,
7Networks_RH_Default_PFCdPFCm_12,7Networks_RH_Default_PFCdPFCm_12,573,cortex,R,Default,23.331405,22.102399,49.895004,3086,,,,
7Networks_RH_Default_PFCdPFCm_13,7Networks_RH_Default_PFCdPFCm_13,574,cortex,R,Default,12.436122,17.317181,61.451511,3219,,,,
7Networks_RH_Default_pCunPCC_1,7Networks_RH_Default_pCunPCC_1,575,cortex,R,Default,12.018099,-52.954822,13.04451,3109,,,,
7Networks_RH_Default_pCunPCC_2,7Networks_RH_Default_pCunPCC_2,576,cortex,R,Default,6.602964,-42.830414,20.115295,454,,,,
7Networks_RH_Default_pCunPCC_3,7Networks_RH_Default_pCunPCC_3,577,cortex,R,Default,16.828993,-62.827333,26.375826,1290,,,,
7Networks_RH_Default_pCunPCC_4,7Networks_RH_Default_pCunPCC_4,578,cortex,R,Default,5.78117,-51.25224,24.173716,2152,,,,
7Networks_RH_Default_pCunPCC_5,7Networks_RH_Default_pCunPCC_5,579,cortex,R,Default,5.546223,-64.296586,32.317608,1397,,,,
7Networks_RH_Default_pCunPCC_6,7Networks_RH_Default_pCunPCC_6,580,cortex,R,Default,6.140819,-37.454201,35.190668,2835,,,,
7Networks_RH_Default_pCunPCC_7,7Networks_RH_Default_pCunPCC_7,581,cortex,R,Default,3.304744,-19.190675,36.593041,2047,,,,
7Networks_RH_Default_pCunPCC_8,7Networks_RH_Default_pCunPCC_8,582,cortex,R,Default,10.424082,-51.204606,37.010348,1402,,,,
7Networks_RH_Default_pCunPCC_9,7Networks_RH_Default_pCunPCC_9,583,cortex,R,Default,7.629016,-48.317794,45.904152,1991,,,,
